{"center_new": [0.4395774552964587, -0.011754028966774133, 0.3080215848989296], "registration_mat": [[0.9781402154627805, -0.20740299368057022, -0.015023884543034353], [0.08879080118568371, 0.35123195471683083, 0.9320688320132792], [-0.18803699774041668, -0.9130279909171085, 0.36196957784134154]], "center": [-214.55101545019792, -25.85275529909699, 786.3970921173782]}