{"center_new": [0.0, 0.0, 0.0], "registration_mat": [[0.9679026220905167, -0.19365843420106366, -0.16019027752362086], [0.07505063489151768, -0.3855845260090411, 0.9196151235733149], [-0.23985811712902788, -0.9021202714523022, -0.3586740853227929]], "center": [-44.89835971201554, -96.42448705301176, 591.7256234123305]}